{"cameraMode":{"drawMode":0,"name":"Shaded","section":"Shading Mode"},"sceneLighting":true,"audioPlay":false,"sceneViewState":{"m_AlwaysRefresh":false,"showFog":true,"showSkybox":true,"showFlares":true,"showImageEffects":true,"showParticleSystems":true,"showVisualEffectGraphs":true,"m_FxEnabled":true},"in2DMode":false,"pivot":{"x":18.008586883544923,"y":3.715172290802002,"z":16.215354919433595},"rotation":{"x":0.36627766489982607,"y":-0.390563428401947,"z":0.17295193672180177,"w":0.8267651200294495},"size":15.696717262268067,"orthographic":false}